,Model,Test Accuracy,False negative rate,Test AUC
0,Decision Tree,93.22135572885423,22.767857142857142,0.8647
1,Random Forest,88.60227954409118,17.857142857142858,0.8587
2,Logistic Regression,64.36712657468506,13.392857142857142,0.7376
3,Support vector Classifier,80.86382723455309,63.392857142857146,0.6217
4,Gradient Boosted Classifier,91.18176364727054,21.428571428571427,0.8586
